Timestamp;Event;Qty;Fill_Price;$_Commission;$_Profit_Loss;$_Strategy;$_Account;Signal;Indicators
2024-06-23T21:13:38;Signal;;;;;;;2024-06-23T21:13:38;Indicator;;;;;;;;1000_SMA;20100.14;14_P_MA_ENVELOPES_LOWER;19699.95;14_P_MA_ENVELOPES_MID;19999.95;14_P_MA_ENVELOPES_UPPER;20299.95;144_SMA;20076.35;236_EMA;20053.96;382_EMA;20047.03;618_EMA;20030.74;62_ZLEMA;19990.82;8_ZLEMA;20009.53;ACCUM_DIST;53978.69;ADX;12.08;APZ_LOW;19930.54;APZ_UPPER;20077.77;AROON DOWN;64.29;AROON UP;14.29;ATR;37;AWESOME;12.14;BOLLI_500_P_LOWER;19988.99;BOLLI_500_P_MID;20100.14;BOLLI_500_P_UPPER;20211.28;CCI;-23.82;CHAIKIN;30203.77;CMO;-29.38;CP+_C;20009.75;CP+_R1;20025.49;CP+_R2;20041.24;CP+_R3;20056.98;CP+_R4;20104.21;CP+_R5;20181.5;CP+_R6;20287.64;CP+_S1;19994.01;CP+_S2;19978.26;CP+_S3;19962.52;CP+_S4;19915.29;CP+_S5;19838;CP+_S6;19731.86;DISPARITY_INDEX;-0.11;DIV_BEAR;1;DIV_BULL;0;DM_ADX_PLOT;12.08;DM_DI_MINUS;16.91;DM_DI_PLUS;13.48;DYNAMIC_MOMENTUM;46.01;FISHER_TRANSFORM;0.64;LIN_REG;19993.74;LIN_REG_INTERCEPT;20006.16;LIN_REG_SLOPE;-0.96;MACD_AVG;0.79;MACD_DEFAULT;0.76;MACD_DIFF;-0.03;MFI;43.47;MOMENTUM;-74.25;OBV;-103770;PFE;-0.08;R_SQUARED;0.32;RIND;37.8;RSI_AVERAGE;50.02;RSI_DEFAULT;45.72;RSS;53;RVI;49.09;STOCH_FAST_D;49.1;STOCH_FAST_K;25.15;TRIX_DEFAULT;0;TRIX_SIGNAL;0;VOLUME;7352;VOLUME_DOWN;7352;VOLUME_UP;0;VORTEX_MINUS;1.05;VORTEX_PLUS;0.91;VROC;2.07;VWAP;20002.16;VWAP_CLOUD_HIGH;20002.16;VWAP_CLOUD_LOW;19979;VWAP_L1;19992.57;VWAP_L2;19982.98;VWAP_U1;20011.75;VWAP_U2;20021.34;WILLIAMS_%R;-74.85;ZIGZAG_HIGH;20029;ZIGZAG_LOW;20009.75
2024-06-23T23:30:17;LE2;1;19969.25
2024-06-23T23:30:17;Signal;;;;;;;2024-06-23T23:30:17;Indicator;;;;;;;;1000_SMA;20095.7;14_P_MA_ENVELOPES_LOWER;19674.64;14_P_MA_ENVELOPES_MID;19974.25;14_P_MA_ENVELOPES_UPPER;20273.86;144_SMA;20057.59;236_EMA;20047.82;382_EMA;20043.45;618_EMA;20028.87;62_ZLEMA;19977.94;8_ZLEMA;19932.23;ACCUM_DIST;59214.69;ADX;18.98;APZ_LOW;19878.39;APZ_UPPER;20019.71;AROON DOWN;100;AROON UP;50;ATR;35.63;AWESOME;-43.6;BOLLI_500_P_LOWER;19983.18;BOLLI_500_P_MID;20095.7;BOLLI_500_P_UPPER;20208.22;CCI;-64.76;CHAIKIN;8945.44;CMO;2.27;CP+_C;20009.75;CP+_R1;20025.49;CP+_R2;20041.24;CP+_R3;20056.98;CP+_R4;20104.21;CP+_R5;20181.5;CP+_R6;20287.64;CP+_S1;19994.01;CP+_S2;19978.26;CP+_S3;19962.52;CP+_S4;19915.29;CP+_S5;19838;CP+_S6;19731.86;DISPARITY_INDEX;-0.04;DIV_BEAR;0;DIV_BULL;1;DM_ADX_PLOT;18.98;DM_DI_MINUS;19.81;DM_DI_PLUS;12.34;DYNAMIC_MOMENTUM;47.87;FISHER_TRANSFORM;-1.74;LIN_REG;19937.89;LIN_REG_INTERCEPT;20010.61;LIN_REG_SLOPE;-5.59;MACD_AVG;-9.43;MACD_DEFAULT;-15.02;MACD_DIFF;-5.59;MFI;65.53;MOMENTUM;5.75;OBV;-98534;PFE;-0.17;R_SQUARED;0.33;RIND;12.33;RSI_AVERAGE;42.59;RSI_DEFAULT;47.97;RSS;18.14;RVI;33.08;STOCH_FAST_D;15.06;STOCH_FAST_K;45.19;TRIX_DEFAULT;-0.01;TRIX_SIGNAL;-0.01;VOLUME;9555;VOLUME_DOWN;0;VOLUME_UP;9555;VORTEX_MINUS;1.05;VORTEX_PLUS;0.91;VROC;-27.86;VWAP;19971.97;VWAP_CLOUD_HIGH;19971.97;VWAP_CLOUD_LOW;19969;VWAP_L1;19944.16;VWAP_L2;19916.35;VWAP_U1;19999.78;VWAP_U2;20027.59;WILLIAMS_%R;-54.81;ZIGZAG_HIGH;20029;ZIGZAG_LOW;19919
2024-06-23T23:30:17;Commission;;;-2.09
2024-06-23T23:30:17;Strategy;;;;;$-2.09
2024-06-23T23:30:17;Account;;;;;;$299992.91
2024-06-23T23:30:17;LE1;1;19959.25
2024-06-23T23:30:17;Commission;;;-2.09
2024-06-23T23:30:17;Strategy;;;;;$-4.18
2024-06-23T23:30:17;Account;;;;;;$299825.82
2024-06-24T01:09:49;Profit target;1;19995.25
2024-06-24T01:09:49;Profit;;;;$517.91
2024-06-24T01:09:49;Strategy;;;;;$513.73
2024-06-24T01:09:49;Account;;;;;;$301208.73
2024-06-24T05:32:19;Parabolic stop;1;19971.25
2024-06-24T05:32:19;Profit;;;;$237.91
2024-06-24T05:32:19;Strategy;;;;;$751.64
2024-06-24T05:32:19;Account;;;;;;$300751.64
2024-06-24T09:33:27;LE2;1;19947.25
2024-06-24T09:33:27;Signal;;;;;;;2024-06-24T09:33:27;Indicator;;;;;;;;1000_SMA;20087.5;14_P_MA_ENVELOPES_LOWER;19661.73;14_P_MA_ENVELOPES_MID;19961.14;14_P_MA_ENVELOPES_UPPER;20260.56;144_SMA;20026.57;236_EMA;20037.04;382_EMA;20037;618_EMA;20025.57;62_ZLEMA;19950.14;8_ZLEMA;19912.17;ACCUM_DIST;50972.69;ADX;16.15;APZ_LOW;19855.25;APZ_UPPER;20002.18;AROON DOWN;100;AROON UP;35.71;ATR;36.36;AWESOME;-43.84;BOLLI_500_P_LOWER;19973.59;BOLLI_500_P_MID;20087.5;BOLLI_500_P_UPPER;20201.41;CCI;-76.14;CHAIKIN;-6444.72;CMO;-18.18;CP+_C;20009.75;CP+_R1;20025.49;CP+_R2;20041.24;CP+_R3;20056.98;CP+_R4;20104.21;CP+_R5;20181.5;CP+_R6;20287.64;CP+_S1;19994.01;CP+_S2;19978.26;CP+_S3;19962.52;CP+_S4;19915.29;CP+_S5;19838;CP+_S6;19731.86;DISPARITY_INDEX;-0.05;DIV_BEAR;0;DIV_BULL;1;DM_ADX_PLOT;16.15;DM_DI_MINUS;17.8;DM_DI_PLUS;14.18;DYNAMIC_MOMENTUM;47.24;FISHER_TRANSFORM;-1.95;LIN_REG;19904.43;LIN_REG_INTERCEPT;20017.86;LIN_REG_SLOPE;-8.73;MACD_AVG;-11.75;MACD_DEFAULT;-16.87;MACD_DIFF;-5.12;MFI;42.75;MOMENTUM;-40;OBV;-106776;PFE;-0.12;R_SQUARED;0.33;RIND;25.32;RSI_AVERAGE;41.07;RSI_DEFAULT;47.24;RSS;19.51;RVI;36.81;STOCH_FAST_D;13.26;STOCH_FAST_K;39.78;TRIX_DEFAULT;-0.01;TRIX_SIGNAL;-0.01;VOLUME;20444;VOLUME_DOWN;0;VOLUME_UP;20444;VORTEX_MINUS;1.08;VORTEX_PLUS;0.88;VROC;214.47;VWAP;19958.12;VWAP_CLOUD_HIGH;19958.12;VWAP_CLOUD_LOW;19949;VWAP_L1;19927.98;VWAP_L2;19897.84;VWAP_U1;19988.26;VWAP_U2;20018.4;WILLIAMS_%R;-60.22;ZIGZAG_HIGH;20029;ZIGZAG_LOW;19899
2024-06-24T09:33:27;Commission;;;-2.09
2024-06-24T09:33:27;Strategy;;;;;$749.55
2024-06-24T09:33:27;Account;;;;;;$300714.55
2024-06-24T09:34:11;Parabolic stop;1;19925.50
2024-06-24T09:34:11;Loss;;;;$-437.09
2024-06-24T09:34:11;Strategy;;;;;$312.46
2024-06-24T09:34:11;Account;;;;;;$300312.46
2024-06-24T09:53:14;LE2;1;19919.75
2024-06-24T09:53:14;Signal;;;;;;;2024-06-24T09:53:14;Indicator;;;;;;;;1000_SMA;20082.62;14_P_MA_ENVELOPES_LOWER;19616.7;14_P_MA_ENVELOPES_MID;19915.43;14_P_MA_ENVELOPES_UPPER;20214.16;144_SMA;20014.48;236_EMA;20029.32;382_EMA;20032.18;618_EMA;20022.83;62_ZLEMA;19920.68;8_ZLEMA;19882.85;ACCUM_DIST;21477.69;ADX;18.61;APZ_LOW;19822.46;APZ_UPPER;19974.73;AROON DOWN;100;AROON UP;0;ATR;37.53;AWESOME;-58.65;BOLLI_500_P_LOWER;19966.31;BOLLI_500_P_MID;20082.62;BOLLI_500_P_UPPER;20198.93;CCI;-66.28;CHAIKIN;-10750.38;CMO;-15.38;CP+_C;20009.75;CP+_R1;20025.49;CP+_R2;20041.24;CP+_R3;20056.98;CP+_R4;20104.21;CP+_R5;20181.5;CP+_R6;20287.64;CP+_S1;19994.01;CP+_S2;19978.26;CP+_S3;19962.52;CP+_S4;19915.29;CP+_S5;19838;CP+_S6;19731.86;DISPARITY_INDEX;-0.08;DIV_BEAR;0;DIV_BULL;1;DM_ADX_PLOT;18.61;DM_DI_MINUS;19.24;DM_DI_PLUS;13.2;DYNAMIC_MOMENTUM;46.02;FISHER_TRANSFORM;-1.68;LIN_REG;19889.29;LIN_REG_INTERCEPT;19941.57;LIN_REG_SLOPE;-4.02;MACD_AVG;-19.4;MACD_DEFAULT;-22.76;MACD_DIFF;-3.36;MFI;28.48;MOMENTUM;-40;OBV;-136271;PFE;-0.31;R_SQUARED;0.48;RIND;29.55;RSI_AVERAGE;40.95;RSI_DEFAULT;46.37;RSS;22.1;RVI;36.19;STOCH_FAST_D;14.89;STOCH_FAST_K;44.66;TRIX_DEFAULT;-0.02;TRIX_SIGNAL;-0.01;VOLUME;9856;VOLUME_DOWN;0;VOLUME_UP;9856;VORTEX_MINUS;1.13;VORTEX_PLUS;0.83;VROC;877.62;VWAP;19940.07;VWAP_CLOUD_HIGH;19940.07;VWAP_CLOUD_LOW;19919;VWAP_L1;19904.82;VWAP_L2;19869.56;VWAP_U1;19975.32;VWAP_U2;20010.58;WILLIAMS_%R;-55.34;ZIGZAG_HIGH;19959;ZIGZAG_LOW;19869
2024-06-24T09:53:14;Commission;;;-2.09
2024-06-24T09:53:14;Strategy;;;;;$310.37
2024-06-24T09:53:14;Account;;;;;;$300345.37
2024-06-24T10:02:00;Profit target;1;19994.75
2024-06-24T10:02:00;Profit;;;;$1497.91
2024-06-24T10:02:00;Strategy;;;;;$1808.28
2024-06-24T10:02:00;Account;;;;;;$301808.28
2024-06-24T10:25:56;Signal;;;;;;;2024-06-24T10:25:56;Indicator;;;;;;;;1000_SMA;20078.91;14_P_MA_ENVELOPES_LOWER;19630.77;14_P_MA_ENVELOPES_MID;19929.71;14_P_MA_ENVELOPES_UPPER;20228.66;144_SMA;20001.53;236_EMA;20024.56;382_EMA;20029.09;618_EMA;20021.14;62_ZLEMA;19930.52;8_ZLEMA;19975.34;ACCUM_DIST;1573.69;ADX;15.63;APZ_LOW;19886.96;APZ_UPPER;20031.55;AROON DOWN;42.86;AROON UP;100;ATR;36.06;AWESOME;12.37;BOLLI_500_P_LOWER;19962.31;BOLLI_500_P_MID;20078.91;BOLLI_500_P_UPPER;20195.51;CCI;75.21;CHAIKIN;-8433.09;CMO;-7.69;CP+_C;20009.75;CP+_R1;20025.49;CP+_R2;20041.24;CP+_R3;20056.98;CP+_R4;20104.21;CP+_R5;20181.5;CP+_R6;20287.64;CP+_S1;19994.01;CP+_S2;19978.26;CP+_S3;19962.52;CP+_S4;19915.29;CP+_S5;19838;CP+_S6;19731.86;DISPARITY_INDEX;-0.03;DIV_BEAR;1;DIV_BULL;0;DM_ADX_PLOT;15.63;DM_DI_MINUS;15.03;DM_DI_PLUS;18.02;DYNAMIC_MOMENTUM;48.39;FISHER_TRANSFORM;1.76;LIN_REG;19977.86;LIN_REG_INTERCEPT;19881.57;LIN_REG_SLOPE;7.41;MACD_AVG;-6.52;MACD_DEFAULT;1.53;MACD_DIFF;8.05;MFI;28.23;MOMENTUM;-20;OBV;-156175;PFE;0.03;R_SQUARED;0.33;RIND;29.87;RSI_AVERAGE;53.47;RSI_DEFAULT;48.39;RSS;83.82;RVI;61.79;STOCH_FAST_D;85.37;STOCH_FAST_K;56.12;TRIX_DEFAULT;0;TRIX_SIGNAL;-0.01;VOLUME;43686;VOLUME_DOWN;43686;VOLUME_UP;0;VORTEX_MINUS;0.93;VORTEX_PLUS;1.02;VROC;12.64;VWAP;19944.13;VWAP_CLOUD_HIGH;19944.13;VWAP_CLOUD_LOW;19939;VWAP_L1;19913.59;VWAP_L2;19883.04;VWAP_U1;19974.68;VWAP_U2;20005.23;WILLIAMS_%R;-43.88;ZIGZAG_HIGH;19989;ZIGZAG_LOW;19869
2024-06-24T10:25:56;SE1;1;19948.75
2024-06-24T10:25:56;SE2;1;19948.75
2024-06-24T10:25:56;Commission;;;-4.18
2024-06-24T10:25:56;Strategy;;;;;$1804.10
2024-06-24T10:25:56;Account;;;;;;$301784.10
2024-06-24T10:28:22;Profit target;1;19912.75
2024-06-24T10:28:22;Profit;;;;$717.91
2024-06-24T10:28:22;Strategy;;;;;$2522.01
2024-06-24T10:28:22;Account;;;;;;$303272.01
2024-06-24T10:43:06;Profit target;1;19873.75
2024-06-24T10:43:06;Profit;;;;$1497.91
2024-06-24T10:43:06;Strategy;;;;;$4019.92
2024-06-24T10:43:06;Account;;;;;;$304019.92
2024-06-24T10:57:19;LE2;1;19879.25
2024-06-24T10:57:19;Signal;;;;;;;2024-06-24T10:57:19;Indicator;;;;;;;;1000_SMA;20069.37;14_P_MA_ENVELOPES_LOWER;19585.74;14_P_MA_ENVELOPES_MID;19884;14_P_MA_ENVELOPES_UPPER;20182.26;144_SMA;19981.8;236_EMA;20008.73;382_EMA;20018.79;618_EMA;20015.05;62_ZLEMA;19881.43;8_ZLEMA;19841.77;ACCUM_DIST;-7360.31;ADX;17.58;APZ_LOW;19785.72;APZ_UPPER;19931.6;AROON DOWN;100;AROON UP;0;ATR;36.23;AWESOME;-57.68;BOLLI_500_P_LOWER;19947.92;BOLLI_500_P_MID;20069.37;BOLLI_500_P_UPPER;20190.81;CCI;-75.86;CHAIKIN;-4684.75;CMO;-23.08;CP+_C;20009.75;CP+_R1;20025.49;CP+_R2;20041.24;CP+_R3;20056.98;CP+_R4;20104.21;CP+_R5;20181.5;CP+_R6;20287.64;CP+_S1;19994.01;CP+_S2;19978.26;CP+_S3;19962.52;CP+_S4;19915.29;CP+_S5;19838;CP+_S6;19731.86;DISPARITY_INDEX;-0.1;DIV_BEAR;0;DIV_BULL;1;DM_ADX_PLOT;17.58;DM_DI_MINUS;18.89;DM_DI_PLUS;12.74;DYNAMIC_MOMENTUM;45.49;FISHER_TRANSFORM;-2.72;LIN_REG;19841.29;LIN_REG_INTERCEPT;19926.71;LIN_REG_SLOPE;-6.57;MACD_AVG;-18.83;MACD_DEFAULT;-23.97;MACD_DIFF;-5.13;MFI;44.26;MOMENTUM;-60;OBV;-165109;PFE;-0.3;R_SQUARED;0.33;RIND;19.98;RSI_AVERAGE;39.89;RSI_DEFAULT;45.49;RSS;14.65;RVI;32.13;STOCH_FAST_D;13.97;STOCH_FAST_K;41.92;TRIX_DEFAULT;-0.01;TRIX_SIGNAL;-0.01;VOLUME;17159;VOLUME_DOWN;0;VOLUME_UP;17159;VORTEX_MINUS;1.23;VORTEX_PLUS;0.76;VROC;117.73;VWAP;19929.3;VWAP_CLOUD_HIGH;19929.3;VWAP_CLOUD_LOW;19879;VWAP_L1;19890.23;VWAP_L2;19851.16;VWAP_U1;19968.36;VWAP_U2;20007.43;WILLIAMS_%R;-58.08;ZIGZAG_HIGH;19939;ZIGZAG_LOW;19829
2024-06-24T10:57:19;Commission;;;-2.09
2024-06-24T10:57:19;Strategy;;;;;$4017.83
2024-06-24T10:57:19;Account;;;;;;$304022.83
2024-06-24T11:27:06;Parabolic stop;1;19874.50
2024-06-24T11:27:06;Loss;;;;$-97.09
2024-06-24T11:27:06;Strategy;;;;;$3920.74
2024-06-24T11:27:06;Account;;;;;;$303920.74
2024-06-24T14:46:52;LE2;1;19819.75
2024-06-24T14:46:52;Signal;;;;;;;2024-06-24T14:46:52;Indicator;;;;;;;;1000_SMA;20056.22;14_P_MA_ENVELOPES_LOWER;19533.68;14_P_MA_ENVELOPES_MID;19831.14;14_P_MA_ENVELOPES_UPPER;20128.61;144_SMA;19959.75;236_EMA;19985.62;382_EMA;20003.26;618_EMA;20005.52;62_ZLEMA;19821.92;8_ZLEMA;19781.33;ACCUM_DIST;-156541.31;ADX;22.77;APZ_LOW;19724.3;APZ_UPPER;19872.98;AROON DOWN;100;AROON UP;14.29;ATR;36.76;AWESOME;-76.02;BOLLI_500_P_LOWER;19926.77;BOLLI_500_P_MID;20056.22;BOLLI_500_P_UPPER;20185.68;CCI;-73.19;CHAIKIN;-39382.5;CMO;-45.45;CP+_C;20009.75;CP+_R1;20025.49;CP+_R2;20041.24;CP+_R3;20056.98;CP+_R4;20104.21;CP+_R5;20181.5;CP+_R6;20287.64;CP+_S1;19994.01;CP+_S2;19978.26;CP+_S3;19962.52;CP+_S4;19915.29;CP+_S5;19838;CP+_S6;19731.86;DISPARITY_INDEX;-0.14;DIV_BEAR;0;DIV_BULL;1;DM_ADX_PLOT;22.77;DM_DI_MINUS;18.91;DM_DI_PLUS;12.67;DYNAMIC_MOMENTUM;43.52;FISHER_TRANSFORM;-2.56;LIN_REG;19769.86;LIN_REG_INTERCEPT;19892.43;LIN_REG_SLOPE;-9.43;MACD_AVG;-25.36;MACD_DEFAULT;-29.92;MACD_DIFF;-4.56;MFI;9.83;MOMENTUM;-100;OBV;-314290;PFE;-0.41;R_SQUARED;0.33;RIND;26.36;RSI_AVERAGE;35.64;RSI_DEFAULT;42.85;RSS;13.27;RVI;25.79;STOCH_FAST_D;10.49;STOCH_FAST_K;31.46;TRIX_DEFAULT;-0.02;TRIX_SIGNAL;-0.02;VOLUME;14069;VOLUME_DOWN;0;VOLUME_UP;14069;VORTEX_MINUS;1.19;VORTEX_PLUS;0.78;VROC;669.59;VWAP;19893.32;VWAP_CLOUD_HIGH;19893.32;VWAP_CLOUD_LOW;19819;VWAP_L1;19835.5;VWAP_L2;19777.68;VWAP_U1;19951.14;VWAP_U2;20008.97;WILLIAMS_%R;-68.54;ZIGZAG_HIGH;19929;ZIGZAG_LOW;19769
2024-06-24T14:46:52;Commission;;;-2.09
2024-06-24T14:46:52;Strategy;;;;;$3918.65
2024-06-24T14:46:52;Account;;;;;;$303893.65
2024-06-24T15:02:55;Parabolic stop;1;19800.75
2024-06-24T15:02:55;Loss;;;;$-382.09
2024-06-24T15:02:55;Strategy;;;;;$3536.56
2024-06-24T15:02:55;Account;;;;;;$303536.56
2024-06-24T16:59:59;LE2;1;19753.00
2024-06-24T16:59:59;Signal;;;;;;;2024-06-24T16:59:59;Indicator;;;;;;;;1000_SMA;20045.8;14_P_MA_ENVELOPES_LOWER;19486.78;14_P_MA_ENVELOPES_MID;19783.54;14_P_MA_ENVELOPES_UPPER;20080.29;144_SMA;19939.74;236_EMA;19965.81;382_EMA;19989.74;618_EMA;19996.98;62_ZLEMA;19775.8;8_ZLEMA;19730.37;ACCUM_DIST;-220096.97;ADX;24.94;APZ_LOW;19686.51;APZ_UPPER;19822.45;AROON DOWN;100;AROON UP;42.86;ATR;34.34;AWESOME;-74.24;BOLLI_500_P_LOWER;19908.22;BOLLI_500_P_MID;20045.8;BOLLI_500_P_UPPER;20183.39;CCI;-96.08;CHAIKIN;-23492.65;CMO;-11.35;CP+_C;20009.75;CP+_R1;20025.49;CP+_R2;20041.24;CP+_R3;20056.98;CP+_R4;20104.21;CP+_R5;20181.5;CP+_R6;20287.64;CP+_S1;19994.01;CP+_S2;19978.26;CP+_S3;19962.52;CP+_S4;19915.29;CP+_S5;19838;CP+_S6;19731.86;DISPARITY_INDEX;-0.24;DIV_BEAR;0;DIV_BULL;1;DM_ADX_PLOT;24.94;DM_DI_MINUS;21.56;DM_DI_PLUS;9.91;DYNAMIC_MOMENTUM;38.46;FISHER_TRANSFORM;-2.35;LIN_REG;19737.9;LIN_REG_INTERCEPT;19829.17;LIN_REG_SLOPE;-7.02;MACD_AVG;-28.03;MACD_DEFAULT;-31.64;MACD_DIFF;-3.61;MFI;30.33;MOMENTUM;-26.5;OBV;-367983;PFE;-0.26;R_SQUARED;0.77;RIND;10.88;RSI_AVERAGE;33.68;RSI_DEFAULT;36.84;RSS;23.08;RVI;25.59;STOCH_FAST_D;6.43;STOCH_FAST_K;19.29;TRIX_DEFAULT;-0.02;TRIX_SIGNAL;-0.02;VOLUME;14225;VOLUME_DOWN;0;VOLUME_UP;14225;VORTEX_MINUS;1.14;VORTEX_PLUS;0.89;VROC;122.34;VWAP;19875.02;VWAP_CLOUD_HIGH;19875.02;VWAP_CLOUD_LOW;19752.5;VWAP_L1;19807.62;VWAP_L2;19740.22;VWAP_U1;19942.41;VWAP_U2;20009.81;WILLIAMS_%R;-80.71;ZIGZAG_HIGH;19849;ZIGZAG_LOW;19729
2024-06-24T16:59:59;Commission;;;-2.09
2024-06-24T16:59:59;Strategy;;;;;$3534.47
2024-06-24T16:59:59;Account;;;;;;$303564.47
2024-06-25T03:13:59;Parabolic stop;1;19752.75
2024-06-25T03:13:59;Loss;;;;$-7.09
2024-06-25T03:13:59;Strategy;;;;;$3527.38
2024-06-25T03:13:59;Account;;;;;;$303527.38
2024-06-25T12:22:29;Signal;;;;;;;2024-06-25T12:22:29;Indicator;;;;;;;;1000_SMA;20028.45;14_P_MA_ENVELOPES_LOWER;19608.11;14_P_MA_ENVELOPES_MID;19906.71;14_P_MA_ENVELOPES_UPPER;20205.32;144_SMA;19904.44;236_EMA;19939.86;382_EMA;19969.2;618_EMA;19983.14;62_ZLEMA;19861.37;8_ZLEMA;19954.13;ACCUM_DIST;-40292.97;ADX;28.67;APZ_LOW;19865.11;APZ_UPPER;20007.67;AROON DOWN;7.14;AROON UP;100;ATR;35.5;AWESOME;111.37;BOLLI_500_P_LOWER;19884.1;BOLLI_500_P_MID;20028.45;BOLLI_500_P_UPPER;20172.8;CCI;70.87;CHAIKIN;38033.16;CMO;54.55;CP+_C;19752.5;CP+_R1;19780.21;CP+_R2;19807.91;CP+_R3;19835.62;CP+_R4;19918.74;CP+_R5;20054.75;CP+_R6;20241.54;CP+_S1;19724.79;CP+_S2;19697.09;CP+_S3;19669.38;CP+_S4;19586.26;CP+_S5;19450.25;CP+_S6;19263.46;DISPARITY_INDEX;0.19;DIV_BEAR;1;DIV_BULL;0;DM_ADX_PLOT;28.67;DM_DI_MINUS;10.76;DM_DI_PLUS;20.57;DYNAMIC_MOMENTUM;58.6;FISHER_TRANSFORM;4.39;LIN_REG;19960.57;LIN_REG_INTERCEPT;19852.86;LIN_REG_SLOPE;8.29;MACD_AVG;31.35;MACD_DEFAULT;37.12;MACD_DIFF;5.77;MFI;92.57;MOMENTUM;120;OBV;-188179;PFE;0.51;R_SQUARED;0.33;RIND;37.16;RSI_AVERAGE;66.9;RSI_DEFAULT;59.44;RSS;95.76;RVI;79;STOCH_FAST_D;90.14;STOCH_FAST_K;70.41;TRIX_DEFAULT;0.03;TRIX_SIGNAL;0.02;VOLUME;17263;VOLUME_DOWN;17263;VOLUME_UP;0;VORTEX_MINUS;0.77;VORTEX_PLUS;1.24;VROC;-38.92;VWAP;19863.11;VWAP_CLOUD_HIGH;19916;VWAP_CLOUD_LOW;19863.11;VWAP_L1;19809.93;VWAP_L2;19756.75;VWAP_U1;19916.28;VWAP_U2;19969.46;WILLIAMS_%R;-29.59;ZIGZAG_HIGH;19966;ZIGZAG_LOW;19796
2024-06-25T12:22:29;SE1;1;19926.00
2024-06-25T12:22:29;SE2;1;19926.00
2024-06-25T12:22:29;Commission;;;-4.18
2024-06-25T12:22:29;Strategy;;;;;$3523.20
2024-06-25T12:22:29;Account;;;;;;$303533.20
2024-06-25T12:34:21;Profit target;1;19890.00
2024-06-25T12:34:21;Profit;;;;$717.91
2024-06-25T12:34:21;Strategy;;;;;$4241.11
2024-06-25T12:34:21;Account;;;;;;$304986.11
2024-06-25T13:02:09;Profit target;1;19851.00
2024-06-25T13:02:09;Profit;;;;$1497.91
2024-06-25T13:02:09;Strategy;;;;;$5739.02
2024-06-25T13:02:09;Account;;;;;;$305739.02
2024-06-25T16:59:57;Signal;;;;;;;2024-06-25T16:59:57;Indicator;;;;;;;;1000_SMA;20023.06;14_P_MA_ENVELOPES_LOWER;19618.28;14_P_MA_ENVELOPES_MID;19917.04;14_P_MA_ENVELOPES_UPPER;20215.79;144_SMA;19895.77;236_EMA;19936.48;382_EMA;19964.52;618_EMA;19979.43;62_ZLEMA;19938.48;8_ZLEMA;19982.57;ACCUM_DIST;38638.7;ADX;22.83;APZ_LOW;19884.35;APZ_UPPER;20022.46;AROON DOWN;35.71;AROON UP;100;ATR;34.47;AWESOME;52.09;BOLLI_500_P_LOWER;19879.79;BOLLI_500_P_MID;20023.06;BOLLI_500_P_UPPER;20166.33;CCI;111.73;CHAIKIN;37881.35;CMO;48.15;CP+_C;19752.5;CP+_R1;19780.21;CP+_R2;19807.91;CP+_R3;19835.62;CP+_R4;19918.74;CP+_R5;20054.75;CP+_R6;20241.54;CP+_S1;19724.79;CP+_S2;19697.09;CP+_S3;19669.38;CP+_S4;19586.26;CP+_S5;19450.25;CP+_S6;19263.46;DISPARITY_INDEX;0.28;DIV_BEAR;1;DIV_BULL;0;DM_ADX_PLOT;22.83;DM_DI_MINUS;8.74;DM_DI_PLUS;19.49;DYNAMIC_MOMENTUM;62.72;FISHER_TRANSFORM;2.92;LIN_REG;19982.01;LIN_REG_INTERCEPT;19852.06;LIN_REG_SLOPE;10;MACD_AVG;20.14;MACD_DEFAULT;25.69;MACD_DIFF;5.55;MFI;56.96;MOMENTUM;84.5;OBV;-187656;PFE;0.19;R_SQUARED;0.96;RIND;38.31;RSI_AVERAGE;67.66;RSI_DEFAULT;67.48;RSS;76.49;RVI;66;STOCH_FAST_D;97.5;STOCH_FAST_K;92.51;TRIX_DEFAULT;0.01;TRIX_SIGNAL;0.01;VOLUME;54256;VOLUME_DOWN;0;VOLUME_UP;54256;VORTEX_MINUS;0.86;VORTEX_PLUS;1.12;VROC;960.9;VWAP;19886.92;VWAP_CLOUD_HIGH;19970.5;VWAP_CLOUD_LOW;19886.92;VWAP_L1;19830.49;VWAP_L2;19774.06;VWAP_U1;19943.35;VWAP_U2;19999.78;WILLIAMS_%R;-7.49;ZIGZAG_HIGH;19976;ZIGZAG_LOW;19846
2024-06-26T06:14:38;Signal;;;;;;;2024-06-26T06:14:38;Indicator;;;;;;;;1000_SMA;20023.03;14_P_MA_ENVELOPES_LOWER;19706.23;14_P_MA_ENVELOPES_MID;20006.32;14_P_MA_ENVELOPES_UPPER;20306.42;144_SMA;19897.28;236_EMA;19943.47;382_EMA;19967.46;618_EMA;19980.79;62_ZLEMA;19997.87;8_ZLEMA;20050.64;ACCUM_DIST;63308.7;ADX;39.52;APZ_LOW;19964.36;APZ_UPPER;20102.9;AROON DOWN;14.29;AROON UP;100;ATR;34.33;AWESOME;90.17;BOLLI_500_P_LOWER;19881.63;BOLLI_500_P_MID;20023.03;BOLLI_500_P_UPPER;20164.42;CCI;76.18;CHAIKIN;12941.87;CMO;37.64;CP+_C;19970.5;CP+_R1;19993.9;CP+_R2;20017.3;CP+_R3;20040.69;CP+_R4;20110.89;CP+_R5;20225.75;CP+_R6;20383.49;CP+_S1;19947.1;CP+_S2;19923.7;CP+_S3;19900.31;CP+_S4;19830.11;CP+_S5;19715.25;CP+_S6;19557.51;DISPARITY_INDEX;0.19;DIV_BEAR;1;DIV_BULL;0;DM_ADX_PLOT;39.52;DM_DI_MINUS;8.34;DM_DI_PLUS;21.61;DYNAMIC_MOMENTUM;58.07;FISHER_TRANSFORM;4.38;LIN_REG;20054.3;LIN_REG_INTERCEPT;19958.34;LIN_REG_SLOPE;7.38;MACD_AVG;35.86;MACD_DEFAULT;39.07;MACD_DIFF;3.21;MFI;57.4;MOMENTUM;67;OBV;-162986;PFE;0.71;R_SQUARED;0.33;RIND;41.56;RSI_AVERAGE;70.61;RSI_DEFAULT;61.16;RSS;91.91;RVI;76.11;STOCH_FAST_D;87.59;STOCH_FAST_K;62.78;TRIX_DEFAULT;0.03;TRIX_SIGNAL;0.03;VOLUME;17588;VOLUME_DOWN;17588;VOLUME_UP;0;VORTEX_MINUS;0.74;VORTEX_PLUS;1.2;VROC;-8.4;VWAP;20022.9;VWAP_CLOUD_HIGH;20022.9;VWAP_CLOUD_LOW;20013;VWAP_L1;20008.48;VWAP_L2;19994.05;VWAP_U1;20037.33;VWAP_U2;20051.76;WILLIAMS_%R;-37.22;ZIGZAG_HIGH;20063;ZIGZAG_LOW;19970.5
2024-06-26T11:20:04;LE2;1;19963.50
2024-06-26T11:20:04;Signal;;;;;;;2024-06-26T11:20:04;Indicator;;;;;;;;1000_SMA;20018.65;14_P_MA_ENVELOPES_LOWER;19668.48;14_P_MA_ENVELOPES_MID;19968;14_P_MA_ENVELOPES_UPPER;20267.52;144_SMA;19896.17;236_EMA;19947.51;382_EMA;19966.71;618_EMA;19979.13;62_ZLEMA;19976.8;8_ZLEMA;19927.3;ACCUM_DIST;120396.7;ADX;14.77;APZ_LOW;19868.43;APZ_UPPER;20016.93;AROON DOWN;100;AROON UP;35.71;ATR;36.51;AWESOME;-34.2;BOLLI_500_P_LOWER;19881.29;BOLLI_500_P_MID;20018.65;BOLLI_500_P_UPPER;20156.01;CCI;-70.11;CHAIKIN;3350.73;CMO;-6.67;CP+_C;19970.5;CP+_R1;19993.9;CP+_R2;20017.3;CP+_R3;20040.69;CP+_R4;20110.89;CP+_R5;20225.75;CP+_R6;20383.49;CP+_S1;19947.1;CP+_S2;19923.7;CP+_S3;19900.31;CP+_S4;19830.11;CP+_S5;19715.25;CP+_S6;19557.51;DISPARITY_INDEX;0.01;DIV_BEAR;0;DIV_BULL;1;DM_ADX_PLOT;14.77;DM_DI_MINUS;15.27;DM_DI_PLUS;16;DYNAMIC_MOMENTUM;50.59;FISHER_TRANSFORM;-1.68;LIN_REG;19925.86;LIN_REG_INTERCEPT;20010.14;LIN_REG_SLOPE;-6.48;MACD_AVG;-2.04;MACD_DEFAULT;-7.14;MACD_DIFF;-5.1;MFI;64.64;MOMENTUM;-20;OBV;-105898;PFE;-0.03;R_SQUARED;0.25;RIND;19.67;RSI_AVERAGE;45.88;RSI_DEFAULT;50.54;RSS;21.56;RVI;39.94;STOCH_FAST_D;15.18;STOCH_FAST_K;45.54;TRIX_DEFAULT;0;TRIX_SIGNAL;0;VOLUME;13738;VOLUME_DOWN;0;VOLUME_UP;13738;VORTEX_MINUS;1.04;VORTEX_PLUS;0.92;VROC;149.79;VWAP;19976.87;VWAP_CLOUD_HIGH;19976.87;VWAP_CLOUD_LOW;19963;VWAP_L1;19945.22;VWAP_L2;19913.56;VWAP_U1;20008.52;VWAP_U2;20040.17;WILLIAMS_%R;-54.46;ZIGZAG_HIGH;20003;ZIGZAG_LOW;19913
2024-06-26T11:20:04;Commission;;;-2.09
2024-06-26T11:20:04;Strategy;;;;;$5736.93
2024-06-26T11:20:04;Account;;;;;;$305761.93
2024-06-26T11:20:57;Parabolic stop;1;19941.50
2024-06-26T11:20:57;Loss;;;;$-442.09
2024-06-26T11:20:57;Strategy;;;;;$5294.84
2024-06-26T11:20:57;Account;;;;;;$305294.84
2024-06-26T12:44:09;Signal;;;;;;;2024-06-26T12:44:09;Indicator;;;;;;;;1000_SMA;20018.23;14_P_MA_ENVELOPES_LOWER;19671.29;14_P_MA_ENVELOPES_MID;19970.86;14_P_MA_ENVELOPES_UPPER;20270.42;144_SMA;19900.81;236_EMA;19950.22;382_EMA;19967.71;618_EMA;19979.47;62_ZLEMA;19980.05;8_ZLEMA;20008.84;ACCUM_DIST;120336.7;ADX;17.78;APZ_LOW;19920.03;APZ_UPPER;20066.41;AROON DOWN;50;AROON UP;100;ATR;36.24;AWESOME;27.25;BOLLI_500_P_LOWER;19882;BOLLI_500_P_MID;20018.23;BOLLI_500_P_UPPER;20154.47;CCI;67.03;CHAIKIN;1895.28;CMO;6.67;CP+_C;19970.5;CP+_R1;19993.9;CP+_R2;20017.3;CP+_R3;20040.69;CP+_R4;20110.89;CP+_R5;20225.75;CP+_R6;20383.49;CP+_S1;19947.1;CP+_S2;19923.7;CP+_S3;19900.31;CP+_S4;19830.11;CP+_S5;19715.25;CP+_S6;19557.51;DISPARITY_INDEX;-0.01;DIV_BEAR;1;DIV_BULL;0;DM_ADX_PLOT;17.78;DM_DI_MINUS;13.1;DM_DI_PLUS;18.79;DYNAMIC_MOMENTUM;50.05;FISHER_TRANSFORM;1.42;LIN_REG;20000.43;LIN_REG_INTERCEPT;19941.29;LIN_REG_SLOPE;4.55;MACD_AVG;3.41;MACD_DEFAULT;7.88;MACD_DIFF;4.47;MFI;50.93;MOMENTUM;20;OBV;-105958;PFE;0.04;R_SQUARED;0.33;RIND;30.05;RSI_AVERAGE;54.71;RSI_DEFAULT;49.69;RSS;70.27;RVI;57.79;STOCH_FAST_D;84.2;STOCH_FAST_K;52.59;TRIX_DEFAULT;0;TRIX_SIGNAL;0;VOLUME;41973;VOLUME_DOWN;41973;VOLUME_UP;0;VORTEX_MINUS;0.92;VORTEX_PLUS;1.04;VROC;160.9;VWAP;19978.47;VWAP_CLOUD_HIGH;19978.47;VWAP_CLOUD_LOW;19973;VWAP_L1;19949.87;VWAP_L2;19921.27;VWAP_U1;20007.06;VWAP_U2;20035.66;WILLIAMS_%R;-47.41;ZIGZAG_HIGH;20023;ZIGZAG_LOW;19913
2024-06-26T16:04:57;LE2;1;19964.00
2024-06-26T16:04:57;Signal;;;;;;;2024-06-26T16:04:57;Indicator;;;;;;;;1000_SMA;20016.3;14_P_MA_ENVELOPES_LOWER;19668.48;14_P_MA_ENVELOPES_MID;19968;14_P_MA_ENVELOPES_UPPER;20267.52;144_SMA;19905.15;236_EMA;19952.29;382_EMA;19967.62;618_EMA;19978.82;62_ZLEMA;19974.09;8_ZLEMA;19937.64;ACCUM_DIST;46538.7;ADX;13.95;APZ_LOW;19879.39;APZ_UPPER;20026.15;AROON DOWN;100;AROON UP;57.14;ATR;36.6;AWESOME;-20.12;BOLLI_500_P_LOWER;19882.17;BOLLI_500_P_MID;20016.3;BOLLI_500_P_UPPER;20150.42;CCI;-48.85;CHAIKIN;-8134.74;CMO;7.69;CP+_C;19970.5;CP+_R1;19993.9;CP+_R2;20017.3;CP+_R3;20040.69;CP+_R4;20110.89;CP+_R5;20225.75;CP+_R6;20383.49;CP+_S1;19947.1;CP+_S2;19923.7;CP+_S3;19900.31;CP+_S4;19830.11;CP+_S5;19715.25;CP+_S6;19557.51;DISPARITY_INDEX;0.03;DIV_BEAR;0;DIV_BULL;1;DM_ADX_PLOT;13.95;DM_DI_MINUS;17.7;DM_DI_PLUS;13.76;DYNAMIC_MOMENTUM;50.94;FISHER_TRANSFORM;-1.13;LIN_REG;19954.14;LIN_REG_INTERCEPT;19981.86;LIN_REG_SLOPE;-2.13;MACD_AVG;-1.21;MACD_DEFAULT;-5.58;MACD_DIFF;-4.37;MFI;31.04;MOMENTUM;20;OBV;-179756;PFE;-0.06;R_SQUARED;0.43;RIND;16.67;RSI_AVERAGE;46.29;RSI_DEFAULT;51.15;RSS;27.2;RVI;41.49;STOCH_FAST_D;18.31;STOCH_FAST_K;49.18;TRIX_DEFAULT;0;TRIX_SIGNAL;0;VOLUME;6474;VOLUME_DOWN;0;VOLUME_UP;6474;VORTEX_MINUS;1.02;VORTEX_PLUS;0.94;VROC;-59.02;VWAP;19973.81;VWAP_CLOUD_HIGH;19973.81;VWAP_CLOUD_LOW;19973;VWAP_L1;19947.79;VWAP_L2;19921.76;VWAP_U1;19999.83;VWAP_U2;20025.86;WILLIAMS_%R;-50.82;ZIGZAG_HIGH;20023;ZIGZAG_LOW;19923
2024-06-26T16:04:57;Commission;;;-2.09
2024-06-26T16:04:57;Strategy;;;;;$5292.75
2024-06-26T16:04:57;Account;;;;;;$305312.75
2024-06-26T16:04:57;LE1;1;19954.00
2024-06-26T16:04:57;Commission;;;-2.09
2024-06-26T16:04:57;Strategy;;;;;$5290.66
2024-06-26T16:04:57;Account;;;;;;$305090.66
2024-06-26T16:04:57;Parabolic stop;1;19942.50
2024-06-26T16:04:57;Loss;;;;$-432.09
2024-06-26T16:04:57;Strategy;;;;;$4858.57
2024-06-26T16:04:57;Account;;;;;;$304648.57
2024-06-26T16:04:57;Parabolic stop;1;19939.00
2024-06-26T16:04:57;Loss;;;;$-302.09
2024-06-26T16:04:57;Strategy;;;;;$4556.48
2024-06-26T16:04:57;Account;;;;;;$304556.48
2024-06-26T22:03:26;LE2;1;19925.75
2024-06-26T22:03:26;Signal;;;;;;;2024-06-26T22:03:26;Indicator;;;;;;;;1000_SMA;20014.64;14_P_MA_ENVELOPES_LOWER;19633.92;14_P_MA_ENVELOPES_MID;19932.91;14_P_MA_ENVELOPES_UPPER;20231.9;144_SMA;19907.62;236_EMA;19950.08;382_EMA;19965.7;618_EMA;19977.38;62_ZLEMA;19955.41;8_ZLEMA;19886.54;ACCUM_DIST;38363.63;ADX;19.05;APZ_LOW;19836.12;APZ_UPPER;19983.41;AROON DOWN;100;AROON UP;7.14;ATR;36.69;AWESOME;-52.05;BOLLI_500_P_LOWER;19880.93;BOLLI_500_P_MID;20014.64;BOLLI_500_P_UPPER;20148.35;CCI;-78.76;CHAIKIN;-4320.91;CMO;-32.17;CP+_C;19953.75;CP+_R1;19969.29;CP+_R2;19984.83;CP+_R3;20000.36;CP+_R4;20046.98;CP+_R5;20123.25;CP+_R6;20228;CP+_S1;19938.21;CP+_S2;19922.68;CP+_S3;19907.14;CP+_S4;19860.53;CP+_S5;19784.25;CP+_S6;19679.5;DISPARITY_INDEX;-0.09;DIV_BEAR;0;DIV_BULL;1;DM_ADX_PLOT;19.05;DM_DI_MINUS;21.35;DM_DI_PLUS;12.97;DYNAMIC_MOMENTUM;46.44;FISHER_TRANSFORM;-1.83;LIN_REG;19896.41;LIN_REG_INTERCEPT;19969.41;LIN_REG_SLOPE;-5.62;MACD_AVG;-12.24;MACD_DEFAULT;-18.73;MACD_DIFF;-6.49;MFI;36.61;MOMENTUM;-97;OBV;-198713;PFE;-0.26;R_SQUARED;0.57;RIND;23.03;RSI_AVERAGE;41.49;RSI_DEFAULT;46.39;RSS;12.07;RVI;38.24;STOCH_FAST_D;11.26;STOCH_FAST_K;33.77;TRIX_DEFAULT;-0.01;TRIX_SIGNAL;-0.01;VOLUME;5737;VOLUME_DOWN;0;VOLUME_UP;5737;VORTEX_MINUS;1.19;VORTEX_PLUS;0.77;VROC;-68.59;VWAP;19971.64;VWAP_CLOUD_HIGH;19971.64;VWAP_CLOUD_LOW;19926;VWAP_L1;19944.19;VWAP_L2;19916.75;VWAP_U1;19999.08;VWAP_U2;20026.53;WILLIAMS_%R;-66.23;ZIGZAG_HIGH;19956;ZIGZAG_LOW;19876
2024-06-26T22:03:26;Commission;;;-2.09
2024-06-26T22:03:26;Strategy;;;;;$4554.39
2024-06-26T22:03:26;Account;;;;;;$304554.39
2024-06-26T22:03:26;LE1;1;19915.75
2024-06-26T22:03:26;Commission;;;-2.09
2024-06-26T22:03:26;Strategy;;;;;$4552.30
2024-06-26T22:03:26;Account;;;;;;$304372.30
2024-06-27T01:29:22;Profit target;1;19951.75
2024-06-27T01:29:22;Profit;;;;$517.91
2024-06-27T01:29:22;Strategy;;;;;$5070.21
2024-06-27T01:29:22;Account;;;;;;$305760.21
2024-06-27T08:36:22;Profit target;1;20000.75
2024-06-27T08:36:22;Profit;;;;$1697.91
2024-06-27T08:36:22;Strategy;;;;;$6768.12
2024-06-27T08:36:22;Account;;;;;;$306768.12
2024-06-27T09:50:17;Signal;;;;;;;2024-06-27T09:50:17;Indicator;;;;;;;;1000_SMA;20014.76;14_P_MA_ENVELOPES_LOWER;19736.16;14_P_MA_ENVELOPES_MID;20036.71;14_P_MA_ENVELOPES_UPPER;20337.27;144_SMA;19929.75;236_EMA;19959.93;382_EMA;19970.48;618_EMA;19979.7;62_ZLEMA;20004.34;8_ZLEMA;20084.14;ACCUM_DIST;117114.63;ADX;31.67;APZ_LOW;19997.82;APZ_UPPER;20134.98;AROON DOWN;7.14;AROON UP;100;ATR;34.33;AWESOME;89.12;BOLLI_500_P_LOWER;19883.4;BOLLI_500_P_MID;20014.76;BOLLI_500_P_UPPER;20146.12;CCI;72.66;CHAIKIN;6227.9;CMO;44.44;CP+_C;19953.75;CP+_R1;19969.29;CP+_R2;19984.83;CP+_R3;20000.36;CP+_R4;20046.98;CP+_R5;20123.25;CP+_R6;20228;CP+_S1;19938.21;CP+_S2;19922.68;CP+_S3;19907.14;CP+_S4;19860.53;CP+_S5;19784.25;CP+_S6;19679.5;DISPARITY_INDEX;0.16;DIV_BEAR;1;DIV_BULL;0;DM_ADX_PLOT;31.67;DM_DI_MINUS;10.17;DM_DI_PLUS;23.02;DYNAMIC_MOMENTUM;58.05;FISHER_TRANSFORM;4.38;LIN_REG;20090.57;LIN_REG_INTERCEPT;19982.86;LIN_REG_SLOPE;8.29;MACD_AVG;24.95;MACD_DEFAULT;32.09;MACD_DIFF;7.14;MFI;75.87;MOMENTUM;80;OBV;-119962;PFE;0.72;R_SQUARED;0.33;RIND;22.92;RSI_AVERAGE;66.74;RSI_DEFAULT;58.69;RSS;94.86;RVI;80.71;STOCH_FAST_D;88.99;STOCH_FAST_K;66.96;TRIX_DEFAULT;0.02;TRIX_SIGNAL;0.02;VOLUME;31624;VOLUME_DOWN;31624;VOLUME_UP;0;VORTEX_MINUS;0.71;VORTEX_PLUS;1.23;VROC;226.94;VWAP;20012.44;VWAP_CLOUD_HIGH;20046;VWAP_CLOUD_LOW;20012.44;VWAP_L1;19966.84;VWAP_L2;19921.24;VWAP_U1;20058.03;VWAP_U2;20103.63;WILLIAMS_%R;-33.04;ZIGZAG_HIGH;20096;ZIGZAG_LOW;19876
2024-06-27T10:24:13;Signal;;;;;;;2024-06-27T10:24:13;Indicator;;;;;;;;1000_SMA;20015.94;14_P_MA_ENVELOPES_LOWER;19769.94;14_P_MA_ENVELOPES_MID;20071;14_P_MA_ENVELOPES_UPPER;20372.07;144_SMA;19950.42;236_EMA;19968.84;382_EMA;19975.53;618_EMA;19982.55;62_ZLEMA;20059.35;8_ZLEMA;20101.92;ACCUM_DIST;142161.63;ADX;31.63;APZ_LOW;20014.21;APZ_UPPER;20158.31;AROON DOWN;57.14;AROON UP;100;ATR;35.67;AWESOME;79.02;BOLLI_500_P_LOWER;19885.69;BOLLI_500_P_MID;20015.94;BOLLI_500_P_UPPER;20146.2;CCI;54.6;CHAIKIN;8130.25;CMO;0;CP+_C;19953.75;CP+_R1;19969.29;CP+_R2;19984.83;CP+_R3;20000.36;CP+_R4;20046.98;CP+_R5;20123.25;CP+_R6;20228;CP+_S1;19938.21;CP+_S2;19922.68;CP+_S3;19907.14;CP+_S4;19860.53;CP+_S5;19784.25;CP+_S6;19679.5;DISPARITY_INDEX;0.09;DIV_BEAR;1;DIV_BULL;0;DM_ADX_PLOT;31.63;DM_DI_MINUS;12;DM_DI_PLUS;21.19;DYNAMIC_MOMENTUM;55.63;FISHER_TRANSFORM;1.37;LIN_REG;20086.57;LIN_REG_INTERCEPT;20055.43;LIN_REG_SLOPE;2.4;MACD_AVG;26.59;MACD_DEFAULT;27.26;MACD_DIFF;0.67;MFI;52.01;MOMENTUM;0;OBV;-94915;PFE;0.29;R_SQUARED;0.43;RIND;31.38;RSI_AVERAGE;61.19;RSI_DEFAULT;54.89;RSS;66.34;RVI;71.88;STOCH_FAST_D;84.19;STOCH_FAST_K;52.57;TRIX_DEFAULT;0.02;TRIX_SIGNAL;0.02;VOLUME;14915;VOLUME_DOWN;14915;VOLUME_UP;0;VORTEX_MINUS;0.9;VORTEX_PLUS;1.06;VROC;146.12;VWAP;20030.8;VWAP_CLOUD_HIGH;20066;VWAP_CLOUD_LOW;20030.8;VWAP_L1;19984.49;VWAP_L2;19938.18;VWAP_U1;20077.11;VWAP_U2;20123.42;WILLIAMS_%R;-47.43;ZIGZAG_HIGH;20116;ZIGZAG_LOW;20016
2024-06-27T10:24:13;SE1;1;20076.75
2024-06-27T10:24:13;SE2;1;20076.75
2024-06-27T10:24:13;Commission;;;-4.18
2024-06-27T10:24:13;Strategy;;;;;$6763.94
2024-06-27T10:24:13;Account;;;;;;$306753.94
2024-06-27T10:24:13;Parabolic stop;1;20091.25
2024-06-27T10:24:13;Loss;;;;$-292.09
2024-06-27T10:24:13;Strategy;;;;;$6471.85
2024-06-27T10:24:13;Account;;;;;;$306216.85
2024-06-27T10:51:01;Profit target;1;20001.75
2024-06-27T10:51:01;Profit;;;;$1497.91
2024-06-27T10:51:01;Strategy;;;;;$7969.76
2024-06-27T10:51:01;Account;;;;;;$307969.76
2024-06-27T16:59:59;Signal;;;;;;;2024-06-27T16:59:59;Indicator;;;;;;;;1000_SMA;20016.38;14_P_MA_ENVELOPES_LOWER;19739.08;14_P_MA_ENVELOPES_MID;20039.68;14_P_MA_ENVELOPES_UPPER;20340.27;144_SMA;19985.43;236_EMA;19979.94;382_EMA;19981.78;618_EMA;19985.93;62_ZLEMA;20045.45;8_ZLEMA;20079.01;ACCUM_DIST;102747.6;ADX;12.98;APZ_LOW;19980.34;APZ_UPPER;20126.61;AROON DOWN;0;AROON UP;100;ATR;36.37;AWESOME;11.96;BOLLI_500_P_LOWER;19889.43;BOLLI_500_P_MID;20016.38;BOLLI_500_P_UPPER;20143.33;CCI;138.11;CHAIKIN;7866.74;CMO;20.6;CP+_C;19953.75;CP+_R1;19969.29;CP+_R2;19984.83;CP+_R3;20000.36;CP+_R4;20046.98;CP+_R5;20123.25;CP+_R6;20228;CP+_S1;19938.21;CP+_S2;19922.68;CP+_S3;19907.14;CP+_S4;19860.53;CP+_S5;19784.25;CP+_S6;19679.5;DISPARITY_INDEX;0.16;DIV_BEAR;1;DIV_BULL;0;DM_ADX_PLOT;12.98;DM_DI_MINUS;13.92;DM_DI_PLUS;16.91;DYNAMIC_MOMENTUM;56.98;FISHER_TRANSFORM;1.82;LIN_REG;20061.24;LIN_REG_INTERCEPT;20018.11;LIN_REG_SLOPE;3.32;MACD_AVG;3.53;MACD_DEFAULT;9.85;MACD_DIFF;6.32;MFI;58.99;MOMENTUM;61.5;OBV;-139666;PFE;0.14;R_SQUARED;0.52;RIND;50.24;RSI_AVERAGE;56.41;RSI_DEFAULT;56.38;RSS;70.86;RVI;56.59;STOCH_FAST_D;95.64;STOCH_FAST_K;86.93;TRIX_DEFAULT;0;TRIX_SIGNAL;0;VOLUME;5511;VOLUME_DOWN;0;VOLUME_UP;5511;VORTEX_MINUS;0.86;VORTEX_PLUS;1.2;VROC;-43.94;VWAP;20026.12;VWAP_CLOUD_HIGH;20067.5;VWAP_CLOUD_LOW;20026.12;VWAP_L1;19992;VWAP_L2;19957.88;VWAP_U1;20060.24;VWAP_U2;20094.35;WILLIAMS_%R;-13.07;ZIGZAG_HIGH;20076;ZIGZAG_LOW;20006
2024-06-28T08:32:20;Signal;;;;;;;2024-06-28T08:32:20;Indicator;;;;;;;;1000_SMA;20018.96;14_P_MA_ENVELOPES_LOWER;19814.15;14_P_MA_ENVELOPES_MID;20115.89;14_P_MA_ENVELOPES_UPPER;20417.63;144_SMA;20003.95;236_EMA;19993.88;382_EMA;19990.42;618_EMA;19991.17;62_ZLEMA;20095.7;8_ZLEMA;20160.73;ACCUM_DIST;162689.6;ADX;23.84;APZ_LOW;20071.7;APZ_UPPER;20216;AROON DOWN;0;AROON UP;100;ATR;35.71;AWESOME;89.04;BOLLI_500_P_LOWER;19892.39;BOLLI_500_P_MID;20018.96;BOLLI_500_P_UPPER;20145.52;CCI;76.72;CHAIKIN;19253.74;CMO;32.86;CP+_C;20067.5;CP+_R1;20089.73;CP+_R2;20111.96;CP+_R3;20134.19;CP+_R4;20200.88;CP+_R5;20310;CP+_R6;20459.87;CP+_S1;20045.27;CP+_S2;20023.04;CP+_S3;20000.81;CP+_S4;19934.13;CP+_S5;19825;CP+_S6;19675.14;DISPARITY_INDEX;0.15;DIV_BEAR;1;DIV_BULL;0;DM_ADX_PLOT;23.84;DM_DI_MINUS;11.54;DM_DI_PLUS;19.2;DYNAMIC_MOMENTUM;56.48;FISHER_TRANSFORM;4.3;LIN_REG;20164.86;LIN_REG_INTERCEPT;20066.93;LIN_REG_SLOPE;7.53;MACD_AVG;26.59;MACD_DEFAULT;31.7;MACD_DIFF;5.11;MFI;94.43;MOMENTUM;57.25;OBV;-79724;PFE;0.49;R_SQUARED;0.33;RIND;44.91;RSI_AVERAGE;64.55;RSI_DEFAULT;57.49;RSS;93.9;RVI;71.1;STOCH_FAST_D;86.17;STOCH_FAST_K;58.52;TRIX_DEFAULT;0.02;TRIX_SIGNAL;0.02;VOLUME;4372;VOLUME_DOWN;4372;VOLUME_UP;0;VORTEX_MINUS;0.75;VORTEX_PLUS;1.19;VROC;-64.52;VWAP;20128.69;VWAP_CLOUD_HIGH;20128.69;VWAP_CLOUD_LOW;20123.25;VWAP_L1;20122.46;VWAP_L2;20116.22;VWAP_U1;20134.93;VWAP_U2;20141.17;WILLIAMS_%R;-41.48;ZIGZAG_HIGH;20173.25;ZIGZAG_LOW;20067.5
2024-06-28T08:32:20;SE1;1;20133.50
2024-06-28T08:32:20;SE2;1;20133.50
2024-06-28T08:32:20;Commission;;;-4.18
2024-06-28T08:32:20;Strategy;;;;;$7965.58
2024-06-28T08:32:20;Account;;;;;;$308005.58
2024-06-28T08:32:20;Parabolic stop;1;20148.00
2024-06-28T08:32:20;Loss;;;;$-292.09
2024-06-28T08:32:20;Strategy;;;;;$7673.49
2024-06-28T08:32:20;Account;;;;;;$307408.49
2024-06-28T09:04:16;Profit target;1;20058.50
2024-06-28T09:04:16;Profit;;;;$1497.91
2024-06-28T09:04:16;Strategy;;;;;$9171.40
2024-06-28T09:04:16;Account;;;;;;$309171.40
2024-06-28T09:39:29;LE2;1;20092.50
2024-06-28T09:39:29;Signal;;;;;;;2024-06-28T09:39:29;Indicator;;;;;;;;1000_SMA;20020.04;14_P_MA_ENVELOPES_LOWER;19803.81;14_P_MA_ENVELOPES_MID;20105.39;14_P_MA_ENVELOPES_UPPER;20406.97;144_SMA;20012.43;236_EMA;20000.17;382_EMA;19994.53;618_EMA;19993.72;62_ZLEMA;20110.29;8_ZLEMA;20056.61;ACCUM_DIST;140274.6;ADX;19.31;APZ_LOW;20001.55;APZ_UPPER;20144.4;AROON DOWN;100;AROON UP;35.71;ATR;35.45;AWESOME;-4.05;BOLLI_500_P_LOWER;19894.15;BOLLI_500_P_MID;20020.63;BOLLI_500_P_UPPER;20147.11;CCI;-73.27;CHAIKIN;-4351.4;CMO;-18.18;CP+_C;20067.5;CP+_R1;20089.73;CP+_R2;20111.96;CP+_R3;20134.19;CP+_R4;20200.88;CP+_R5;20310;CP+_R6;20459.87;CP+_S1;20045.27;CP+_S2;20023.04;CP+_S3;20000.81;CP+_S4;19934.13;CP+_S5;19825;CP+_S6;19675.14;DISPARITY_INDEX;0.04;DIV_BEAR;0;DIV_BULL;1;DM_ADX_PLOT;19.31;DM_DI_MINUS;17.68;DM_DI_PLUS;13.96;DYNAMIC_MOMENTUM;52.16;FISHER_TRANSFORM;-2.04;LIN_REG;20048.68;LIN_REG_INTERCEPT;20162.11;LIN_REG_SLOPE;-8.73;MACD_AVG;10.34;MACD_DEFAULT;0.75;MACD_DIFF;-9.59;MFI;59.26;MOMENTUM;-40;OBV;-102139;PFE;-0.07;R_SQUARED;0.33;RIND;22.04;RSI_AVERAGE;46.57;RSI_DEFAULT;52.16;RSS;13.34;RVI;38.65;STOCH_FAST_D;12.97;STOCH_FAST_K;38.92;TRIX_DEFAULT;0.01;TRIX_SIGNAL;0.01;VOLUME;25451;VOLUME_DOWN;0;VOLUME_UP;25451;VORTEX_MINUS;1.08;VORTEX_PLUS;0.88;VROC;1282.38;VWAP;20102.1;VWAP_CLOUD_HIGH;20102.1;VWAP_CLOUD_LOW;20093.25;VWAP_L1;20074.22;VWAP_L2;20046.34;VWAP_U1;20129.98;VWAP_U2;20157.87;WILLIAMS_%R;-61.08;ZIGZAG_HIGH;20173.25;ZIGZAG_LOW;20043.25
2024-06-28T09:39:29;Commission;;;-2.09
2024-06-28T09:39:29;Strategy;;;;;$9169.31
2024-06-28T09:39:29;Account;;;;;;$309124.31
2024-06-28T09:39:29;LE1;1;20082.75
2024-06-28T09:39:29;Commission;;;-2.09
2024-06-28T09:39:29;Strategy;;;;;$9167.22
2024-06-28T09:39:29;Account;;;;;;$309012.22
2024-06-28T09:39:29;Parabolic stop;1;20071.50
2024-06-28T09:39:29;Loss;;;;$-422.09
2024-06-28T09:39:29;Strategy;;;;;$8745.13
2024-06-28T09:39:29;Account;;;;;;$308525.13
2024-06-28T09:39:29;Parabolic stop;1;20071.50
2024-06-28T09:39:29;Loss;;;;$-227.09
2024-06-28T09:39:29;Strategy;;;;;$8518.04
2024-06-28T09:39:29;Account;;;;;;$308518.04
2024-06-28T10:29:46;Signal;;;;;;;2024-06-28T10:29:46;Indicator;;;;;;;;1000_SMA;20025.69;14_P_MA_ENVELOPES_LOWER;19900.9;14_P_MA_ENVELOPES_MID;20203.96;14_P_MA_ENVELOPES_UPPER;20507.02;144_SMA;20035.79;236_EMA;20026.59;382_EMA;20011.77;618_EMA;20004.58;62_ZLEMA;20196.83;8_ZLEMA;20251.42;ACCUM_DIST;195440.6;ADX;37.33;APZ_LOW;20165.86;APZ_UPPER;20301.44;AROON DOWN;0;AROON UP;100;ATR;33.69;AWESOME;92.47;BOLLI_500_P_LOWER;19898.03;BOLLI_500_P_MID;20027.9;BOLLI_500_P_UPPER;20157.77;CCI;75.36;CHAIKIN;5170.63;CMO;44.44;CP+_C;20067.5;CP+_R1;20089.73;CP+_R2;20111.96;CP+_R3;20134.19;CP+_R4;20200.88;CP+_R5;20310;CP+_R6;20459.87;CP+_S1;20045.27;CP+_S2;20023.04;CP+_S3;20000.81;CP+_S4;19934.13;CP+_S5;19825;CP+_S6;19675.14;DISPARITY_INDEX;0.19;DIV_BEAR;1;DIV_BULL;0;DM_ADX_PLOT;37.33;DM_DI_MINUS;9.14;DM_DI_PLUS;23.61;DYNAMIC_MOMENTUM;59.65;FISHER_TRANSFORM;4.43;LIN_REG;20257.82;LIN_REG_INTERCEPT;20150.11;LIN_REG_SLOPE;8.29;MACD_AVG;33.65;MACD_DEFAULT;38.41;MACD_DIFF;4.77;MFI;65.33;MOMENTUM;80;OBV;-46973;PFE;0.74;R_SQUARED;0.33;RIND;19.4;RSI_AVERAGE;70.59;RSI_DEFAULT;61.24;RSS;92.46;RVI;82.3;STOCH_FAST_D;87.5;STOCH_FAST_K;62.5;TRIX_DEFAULT;0.03;TRIX_SIGNAL;0.02;VOLUME;33660;VOLUME_DOWN;33660;VOLUME_UP;0;VORTEX_MINUS;0.69;VORTEX_PLUS;1.24;VROC;49.67;VWAP;20142.95;VWAP_CLOUD_HIGH;20213.25;VWAP_CLOUD_LOW;20142.95;VWAP_L1;20082.89;VWAP_L2;20022.83;VWAP_U1;20203.01;VWAP_U2;20263.06;WILLIAMS_%R;-37.5;ZIGZAG_HIGH;20263.25;ZIGZAG_LOW;20043.25
2024-06-28T10:29:46;SE1;1;20226.00
2024-06-28T10:29:46;SE2;1;20226.00
2024-06-28T10:29:46;Commission;;;-4.18
2024-06-28T10:29:46;Strategy;;;;;$8513.86
2024-06-28T10:29:46;Account;;;;;;$308463.86
2024-06-28T10:29:46;Parabolic stop;1;20239.00
2024-06-28T10:29:46;Loss;;;;$-262.09
2024-06-28T10:29:46;Strategy;;;;;$8251.77
2024-06-28T10:29:46;Account;;;;;;$307996.77
2024-06-28T10:54:12;Profit target;1;20151.00
2024-06-28T10:54:12;Profit;;;;$1497.91
2024-06-28T10:54:12;Strategy;;;;;$9749.68
2024-06-28T10:54:12;Account;;;;;;$309749.68
2024-06-28T13:07:10;LE2;1;20043.50
2024-06-28T13:07:10;Signal;;;;;;;2024-06-28T13:07:10;Indicator;;;;;;;;1000_SMA;20028.71;14_P_MA_ENVELOPES_LOWER;19743.3;14_P_MA_ENVELOPES_MID;20043.96;14_P_MA_ENVELOPES_UPPER;20344.62;144_SMA;20057.92;236_EMA;20038.39;382_EMA;20021.34;618_EMA;20011.27;62_ZLEMA;20099.78;8_ZLEMA;20006.34;ACCUM_DIST;40348.6;ADX;33.18;APZ_LOW;19948.5;APZ_UPPER;20096.82;AROON DOWN;100;AROON UP;0;ATR;36.3;AWESOME;-110.78;BOLLI_500_P_LOWER;19897.15;BOLLI_500_P_MID;20023.76;BOLLI_500_P_UPPER;20150.37;CCI;-72.05;CHAIKIN;-6349.81;CMO;-23.08;CP+_C;20067.5;CP+_R1;20089.73;CP+_R2;20111.96;CP+_R3;20134.19;CP+_R4;20200.88;CP+_R5;20310;CP+_R6;20459.87;CP+_S1;20045.27;CP+_S2;20023.04;CP+_S3;20000.81;CP+_S4;19934.13;CP+_S5;19825;CP+_S6;19675.14;DISPARITY_INDEX;-0.16;DIV_BEAR;0;DIV_BULL;1;DM_ADX_PLOT;33.18;DM_DI_MINUS;18.9;DM_DI_PLUS;11.8;DYNAMIC_MOMENTUM;42.08;FISHER_TRANSFORM;-2.06;LIN_REG;20005.54;LIN_REG_INTERCEPT;20082.39;LIN_REG_SLOPE;-5.91;MACD_AVG;-32.29;MACD_DEFAULT;-36.03;MACD_DIFF;-3.74;MFI;24.64;MOMENTUM;-60;OBV;-202065;PFE;-0.58;R_SQUARED;0.12;RIND;17.69;RSI_AVERAGE;35.31;RSI_DEFAULT;42.08;RSS;11.84;RVI;24.99;STOCH_FAST_D;13.31;STOCH_FAST_K;39.93;TRIX_DEFAULT;-0.03;TRIX_SIGNAL;-0.03;VOLUME;30202;VOLUME_DOWN;0;VOLUME_UP;30202;VORTEX_MINUS;1.17;VORTEX_PLUS;0.78;VROC;813.68;VWAP;20120.36;VWAP_CLOUD_HIGH;20120.36;VWAP_CLOUD_LOW;20043.25;VWAP_L1;20057.47;VWAP_L2;19994.57;VWAP_U1;20183.26;VWAP_U2;20246.15;WILLIAMS_%R;-60.07;ZIGZAG_HIGH;20073.25;ZIGZAG_LOW;19993.25
2024-06-28T13:07:10;Commission;;;-2.09
2024-06-28T13:07:10;Strategy;;;;;$9747.59
2024-06-28T13:07:10;Account;;;;;;$309737.59
2024-06-28T13:14:49;Parabolic stop;1;20023.50
2024-06-28T13:14:49;Loss;;;;$-402.09
2024-06-28T13:14:49;Strategy;;;;;$9345.50
2024-06-28T13:14:49;Account;;;;;;$309345.50
2024-06-28T15:37:27;LE2;1;19963.75
2024-06-28T15:37:27;Signal;;;;;;;2024-06-28T15:37:27;Indicator;;;;;;;;1000_SMA;20027.42;14_P_MA_ENVELOPES_LOWER;19677.17;14_P_MA_ENVELOPES_MID;19976.82;14_P_MA_ENVELOPES_UPPER;20276.47;144_SMA;20057.39;236_EMA;20031.35;382_EMA;20018.13;618_EMA;20009.72;62_ZLEMA;19972.72;8_ZLEMA;19925.53;ACCUM_DIST;-56809.4;ADX;37.55;APZ_LOW;19872.18;APZ_UPPER;20013.6;AROON DOWN;100;AROON UP;21.43;ATR;35.2;AWESOME;-100.44;BOLLI_500_P_LOWER;19894.35;BOLLI_500_P_MID;20017.18;BOLLI_500_P_UPPER;20140;CCI;-73.2;CHAIKIN;-11000.61;CMO;-36.36;CP+_C;20067.5;CP+_R1;20089.73;CP+_R2;20111.96;CP+_R3;20134.19;CP+_R4;20200.88;CP+_R5;20310;CP+_R6;20459.87;CP+_S1;20045.27;CP+_S2;20023.04;CP+_S3;20000.81;CP+_S4;19934.13;CP+_S5;19825;CP+_S6;19675.14;DISPARITY_INDEX;-0.19;DIV_BEAR;0;DIV_BULL;1;DM_ADX_PLOT;37.55;DM_DI_MINUS;22.51;DM_DI_PLUS;9.98;DYNAMIC_MOMENTUM;40.68;FISHER_TRANSFORM;-2.78;LIN_REG;19912.96;LIN_REG_INTERCEPT;20040.68;LIN_REG_SLOPE;-9.82;MACD_AVG;-38.75;MACD_DEFAULT;-40.45;MACD_DIFF;-1.7;MFI;13.29;MOMENTUM;-80;OBV;-299223;PFE;-0.35;R_SQUARED;0.33;RIND;6.1;RSI_AVERAGE;32.82;RSI_DEFAULT;40.21;RSS;14.48;RVI;17.5;STOCH_FAST_D;11.43;STOCH_FAST_K;34.29;TRIX_DEFAULT;-0.03;TRIX_SIGNAL;-0.03;VOLUME;10741;VOLUME_DOWN;0;VOLUME_UP;10741;VORTEX_MINUS;1.17;VORTEX_PLUS;0.84;VROC;220.67;VWAP;20096.6;VWAP_CLOUD_HIGH;20096.6;VWAP_CLOUD_LOW;19963.25;VWAP_L1;20022.96;VWAP_L2;19949.31;VWAP_U1;20170.24;VWAP_U2;20243.89;WILLIAMS_%R;-65.71;ZIGZAG_HIGH;20063.25;ZIGZAG_LOW;19913.25
2024-06-28T15:37:27;Commission;;;-2.09
2024-06-28T15:37:27;Strategy;;;;;$9343.41
2024-06-28T15:37:27;Account;;;;;;$309328.41
2024-06-28T15:55:28;Parabolic stop;1;19957.50
2024-06-28T15:55:28;Loss;;;;$-127.09
2024-06-28T15:55:28;Strategy;;;;;$9216.32
2024-06-28T15:55:28;Account;;;;;;$309216.32
